{"appVersion":"4.29.149","is64Bit":true,"isGpuCompositionAvailable":true,"isTitleBarHidden":false,"win32":{"osProduct":"Workstation","servicingChannel":"SAC","isAeroGlassEnabled":true,"isWin10":true,"isStore":false},"platform":"win32","platformVersion":{"major":10,"minor":0,"build":25252},"developerMenuOverride":false,"resourcePath":"[REDACTED]","uuid":"8a3d86fc-bdfe-435d-aba9-6d8dce3c43af","applicationProcessSessionId":"OGEzZDg2ZmMtYmRmZS00MzVkLWFiYTktNmQ4ZGNlM2M0M2FmXzE2NzAzMjU5MDIxODI=","distribution":"DDL","bootFragments":[],"clientEnvironment":1000}