{
  "appTeams": {
    "selectedTeamId": null,
    "teamsByIndex": [],
    "teamsToSignOut": []
  },
  "bookmarks": [],
  "downloads": {
    "TEZDUMJH1": {
      "F03M4Q7E24D": {
        "id": "F03M4Q7E24D",
        "teamId": "TEZDUMJH1",
        "url": "[REDACTED]",
        "userId": "U01LTNK3QN8",
        "appVersion": "4.27.154",
        "downloadState": "completed",
        "startTime": 1657694745857,
        "progress": 1,
        "downloadPath": "[REDACTED]",
        "endTime": 1657694746781
      },
      "F03MAR7JH0V": {
        "id": "F03MAR7JH0V",
        "teamId": "TEZDUMJH1",
        "url": "[REDACTED]",
        "userId": "U01LTNK3QN8",
        "appVersion": "4.27.154",
        "downloadState": "completed",
        "startTime": 1657708780524,
        "progress": 1,
        "downloadPath": "[REDACTED]",
        "endTime": 1657708803114
      },
      "F03PP78QCDC": {
        "id": "F03PP78QCDC",
        "teamId": "TEZDUMJH1",
        "url": "[REDACTED]",
        "userId": "U01LTNK3QN8",
        "appVersion": "4.27.154",
        "downloadState": "completed",
        "startTime": 1658727436903,
        "progress": 1,
        "downloadPath": "[REDACTED]",
        "endTime": 1658727437889
      },
      "F03QXLLK5PS": {
        "id": "F03QXLLK5PS",
        "teamId": "TEZDUMJH1",
        "url": "[REDACTED]",
        "userId": "U01LTNK3QN8",
        "appVersion": "4.27.154",
        "downloadState": "completed",
        "startTime": 1658309126111,
        "progress": 1,
        "downloadPath": "[REDACTED]",
        "endTime": 1658309127690
      },
      "F03Q1BCD622": {
        "id": "F03Q1BCD622",
        "teamId": "TEZDUMJH1",
        "url": "[REDACTED]",
        "userId": "U01LTNK3QN8",
        "appVersion": "4.27.154",
        "downloadState": "completed",
        "startTime": 1658309718135,
        "progress": 1,
        "downloadPath": "[REDACTED]",
        "endTime": 1658309719684
      },
      "F03Q4EY5GT1": {
        "id": "F03Q4EY5GT1",
        "teamId": "TEZDUMJH1",
        "url": "[REDACTED]",
        "userId": "U01LTNK3QN8",
        "appVersion": "4.27.154",
        "downloadState": "completed",
        "startTime": 1658460812690,
        "progress": 1,
        "downloadPath": "[REDACTED]",
        "endTime": 1658460812803
      },
      "F03NS1JEXTL": {
        "id": "F03NS1JEXTL",
        "teamId": "TEZDUMJH1",
        "url": "[REDACTED]",
        "userId": "U01LTNK3QN8",
        "appVersion": "4.27.154",
        "downloadState": "completed",
        "startTime": 1658545580244,
        "progress": 1,
        "downloadPath": "[REDACTED]",
        "endTime": 1658545716454
      },
      "F03ML0BPAKD": {
        "id": "F03ML0BPAKD",
        "teamId": "TEZDUMJH1",
        "url": "[REDACTED]",
        "userId": "U01LTNK3QN8",
        "appVersion": "4.27.154",
        "downloadState": "completed",
        "startTime": 1658545643167,
        "progress": 1,
        "downloadPath": "[REDACTED]",
        "endTime": 1658545653042
      },
      "F03QT4Q5EQL": {
        "id": "F03QT4Q5EQL",
        "teamId": "TEZDUMJH1",
        "url": "[REDACTED]",
        "userId": "U01LTNK3QN8",
        "appVersion": "4.27.154",
        "downloadState": "completed",
        "startTime": 1658572010508,
        "progress": 1,
        "downloadPath": "[REDACTED]",
        "endTime": 1658572026950
      },
      "F03QJ3JKW8N": {
        "id": "F03QJ3JKW8N",
        "teamId": "TEZDUMJH1",
        "url": "[REDACTED]",
        "userId": "U01LTNK3QN8",
        "appVersion": "4.27.154",
        "downloadState": "completed",
        "startTime": 1658572012084,
        "progress": 1,
        "downloadPath": "[REDACTED]",
        "endTime": 1658572026996
      },
      "F03NHG027S8": {
        "id": "F03NHG027S8",
        "teamId": "TEZDUMJH1",
        "url": "[REDACTED]",
        "userId": "U01LTNK3QN8",
        "appVersion": "4.27.154",
        "downloadState": "completed",
        "startTime": 1658726759158,
        "progress": 1,
        "downloadPath": "[REDACTED]",
        "endTime": 1658726760557
      },
      "F03N7630ECS": {
        "id": "F03N7630ECS",
        "teamId": "TEZDUMJH1",
        "url": "[REDACTED]",
        "userId": "U01LTNK3QN8",
        "appVersion": "4.27.154",
        "downloadState": "completed",
        "startTime": 1658726770553,
        "progress": 1,
        "downloadPath": "[REDACTED]",
        "endTime": 1658726772091
      },
      "F03LC6Z3XHB": {
        "id": "F03LC6Z3XHB",
        "teamId": "TEZDUMJH1",
        "url": "[REDACTED]",
        "userId": "U01LTNK3QN8",
        "appVersion": "4.27.154",
        "downloadState": "completed",
        "startTime": 1658726820558,
        "progress": 1,
        "downloadPath": "[REDACTED]",
        "endTime": 1658726821686
      },
      "F03MCNV8VFB": {
        "id": "F03MCNV8VFB",
        "teamId": "TEZDUMJH1",
        "url": "[REDACTED]",
        "userId": "U01LTNK3QN8",
        "appVersion": "4.27.154",
        "downloadState": "completed",
        "startTime": 1658726938076,
        "progress": 1,
        "downloadPath": "[REDACTED]",
        "endTime": 1658726939858
      },
      "F03QCQMF0ET": {
        "id": "F03QCQMF0ET",
        "teamId": "TEZDUMJH1",
        "url": "[REDACTED]",
        "userId": "U01LTNK3QN8",
        "appVersion": "4.27.154",
        "downloadState": "completed",
        "startTime": 1658728003115,
        "progress": 1,
        "downloadPath": "[REDACTED]",
        "endTime": 1658728004065
      },
      "F03QU3TLS9Y": {
        "id": "F03QU3TLS9Y",
        "teamId": "TEZDUMJH1",
        "url": "[REDACTED]",
        "userId": "U01LTNK3QN8",
        "appVersion": "4.27.154",
        "downloadState": "completed",
        "startTime": 1658739976696,
        "progress": 1,
        "downloadPath": "[REDACTED]",
        "endTime": 1658739989431
      },
      "F03RHR1LVUG": {
        "id": "F03RHR1LVUG",
        "teamId": "TEZDUMJH1",
        "url": "[REDACTED]",
        "userId": "U01LTNK3QN8",
        "appVersion": "4.27.154",
        "downloadState": "completed",
        "startTime": 1658739981329,
        "progress": 1,
        "downloadPath": "[REDACTED]",
        "endTime": 1658740678767
      },
      "F03RLG75H6C": {
        "id": "F03RLG75H6C",
        "teamId": "TEZDUMJH1",
        "url": "[REDACTED]",
        "userId": "U01LTNK3QN8",
        "appVersion": "4.27.154",
        "downloadState": "completed",
        "startTime": 1658803303700,
        "progress": 1,
        "downloadPath": "[REDACTED]",
        "endTime": 1658803305511
      },
      "F03QQ7DHWUW": {
        "id": "F03QQ7DHWUW",
        "teamId": "TEZDUMJH1",
        "url": "[REDACTED]",
        "userId": "U01LTNK3QN8",
        "appVersion": "4.27.154",
        "downloadState": "completed",
        "startTime": 1658803306787,
        "progress": 1,
        "downloadPath": "[REDACTED]",
        "endTime": 1658803307403
      },
      "F03RR7QDU20": {
        "id": "F03RR7QDU20",
        "teamId": "TEZDUMJH1",
        "url": "[REDACTED]",
        "userId": "U01LTNK3QN8",
        "appVersion": "4.27.154",
        "downloadState": "completed",
        "startTime": 1659158662848,
        "progress": 1,
        "downloadPath": "[REDACTED]",
        "endTime": 1659158663857
      },
      "F03RZRZGG1J": {
        "id": "F03RZRZGG1J",
        "teamId": "TEZDUMJH1",
        "url": "[REDACTED]",
        "userId": "U01LTNK3QN8",
        "appVersion": "4.27.154",
        "downloadState": "completed",
        "startTime": 1659409711284,
        "progress": 1,
        "downloadPath": "[REDACTED]",
        "endTime": 1659409712686
      },
      "F03S1GBGS9K": {
        "id": "F03S1GBGS9K",
        "teamId": "TEZDUMJH1",
        "url": "[REDACTED]",
        "userId": "U01LTNK3QN8",
        "appVersion": "4.27.154",
        "downloadState": "completed",
        "startTime": 1659515290451,
        "progress": 1,
        "downloadPath": "[REDACTED]",
        "endTime": 1659515300494
      },
      "F03SUGD3LBB": {
        "id": "F03SUGD3LBB",
        "teamId": "TEZDUMJH1",
        "url": "[REDACTED]",
        "userId": "U01LTNK3QN8",
        "appVersion": "4.27.154",
        "downloadState": "completed",
        "startTime": 1659673564565,
        "progress": 1,
        "downloadPath": "[REDACTED]",
        "endTime": 1659673566109
      },
      "F03T5PWNK4Y": {
        "id": "F03T5PWNK4Y",
        "teamId": "TEZDUMJH1",
        "url": "[REDACTED]",
        "userId": "U01LTNK3QN8",
        "appVersion": "4.27.154",
        "downloadState": "completed",
        "startTime": 1659678649153,
        "progress": 1,
        "downloadPath": "[REDACTED]",
        "endTime": 1659678651538
      },
      "F03SE6HCT3P": {
        "id": "F03SE6HCT3P",
        "teamId": "TEZDUMJH1",
        "url": "[REDACTED]",
        "userId": "U01LTNK3QN8",
        "appVersion": "4.27.154",
        "downloadState": "completed",
        "startTime": 1659694928291,
        "progress": 1,
        "downloadPath": "[REDACTED]",
        "endTime": 1659694930669
      },
      "F03UTU2KRC0": {
        "id": "F03UTU2KRC0",
        "teamId": "TEZDUMJH1",
        "url": "[REDACTED]",
        "userId": "U01LTNK3QN8",
        "appVersion": "4.27.154",
        "downloadState": "completed",
        "startTime": 1660792265159,
        "progress": 1,
        "downloadPath": "[REDACTED]",
        "endTime": 1660792278919
      },
      "F03VDS8R4QG": {
        "id": "F03VDS8R4QG",
        "teamId": "TEZDUMJH1",
        "url": "[REDACTED]",
        "userId": "U01LTNK3QN8",
        "appVersion": "4.27.154",
        "downloadState": "completed",
        "startTime": 1661225840327,
        "progress": 1,
        "downloadPath": "[REDACTED]",
        "endTime": 1661225841318
      },
      "F0402G88M5X": {
        "id": "F0402G88M5X",
        "teamId": "TEZDUMJH1",
        "url": "[REDACTED]",
        "userId": "U01LTNK3QN8",
        "appVersion": "4.28.171",
        "downloadState": "completed",
        "startTime": 1662454325945,
        "progress": 1,
        "downloadPath": "[REDACTED]",
        "endTime": 1662454327127
      },
      "F0417N29KMJ": {
        "id": "F0417N29KMJ",
        "teamId": "TEZDUMJH1",
        "url": "[REDACTED]",
        "userId": "U01LTNK3QN8",
        "appVersion": "4.28.171",
        "downloadState": "completed",
        "startTime": 1662626694775,
        "progress": 1,
        "downloadPath": "[REDACTED]",
        "endTime": 1662626696438
      },
      "F041VKVU7QQ": {
        "id": "F041VKVU7QQ",
        "teamId": "TEZDUMJH1",
        "url": "[REDACTED]",
        "userId": "U01LTNK3QN8",
        "appVersion": "4.28.171",
        "downloadState": "completed",
        "startTime": 1662609346139,
        "progress": 1,
        "downloadPath": "[REDACTED]",
        "endTime": 1662609346439
      },
      "F04271354UQ": {
        "id": "F04271354UQ",
        "teamId": "TEZDUMJH1",
        "url": "[REDACTED]",
        "userId": "U01LTNK3QN8",
        "appVersion": "4.28.184",
        "downloadState": "completed",
        "startTime": 1666322288709,
        "progress": 1,
        "downloadPath": "[REDACTED]",
        "endTime": 1666322317571
      },
      "F041HADR8US": {
        "id": "F041HADR8US",
        "teamId": "TEZDUMJH1",
        "url": "[REDACTED]",
        "userId": "U01LTNK3QN8",
        "appVersion": "4.28.171",
        "downloadState": "completed",
        "startTime": 1662604884743,
        "progress": 1,
        "downloadPath": "[REDACTED]",
        "endTime": 1662604885478
      },
      "F041M2NUC7N": {
        "id": "F041M2NUC7N",
        "teamId": "TEZDUMJH1",
        "url": "[REDACTED]",
        "userId": "U01LTNK3QN8",
        "appVersion": "4.28.171",
        "downloadState": "completed",
        "startTime": 1662628178726,
        "progress": 1,
        "downloadPath": "[REDACTED]",
        "endTime": 1662628181757
      },
      "F0424AMEFML": {
        "id": "F0424AMEFML",
        "teamId": "TEZDUMJH1",
        "url": "[REDACTED]",
        "userId": "U01LTNK3QN8",
        "appVersion": "4.28.171",
        "downloadState": "completed",
        "startTime": 1663232574284,
        "progress": 1,
        "downloadPath": "[REDACTED]",
        "endTime": 1663232576276
      },
      "F04367XSV88": {
        "id": "F04367XSV88",
        "teamId": "TEZDUMJH1",
        "url": "[REDACTED]",
        "userId": "U01LTNK3QN8",
        "appVersion": "4.28.171",
        "downloadState": "completed",
        "startTime": 1664164262117,
        "progress": 1,
        "downloadPath": "[REDACTED]",
        "endTime": 1664164264601
      },
      "F0439F98TDF": {
        "id": "F0439F98TDF",
        "teamId": "TEZDUMJH1",
        "url": "[REDACTED]",
        "userId": "U01LTNK3QN8",
        "appVersion": "4.28.171",
        "downloadState": "completed",
        "startTime": 1664164369665,
        "progress": 1,
        "downloadPath": "[REDACTED]",
        "endTime": 1664164372225
      },
      "F042QA44A3G": {
        "id": "F042QA44A3G",
        "teamId": "TEZDUMJH1",
        "url": "[REDACTED]",
        "userId": "U01LTNK3QN8",
        "appVersion": "4.28.171",
        "downloadState": "completed",
        "startTime": 1663571306145,
        "progress": 1,
        "downloadPath": "[REDACTED]",
        "endTime": 1663571306666
      },
      "F044F5RCJ80": {
        "id": "F044F5RCJ80",
        "teamId": "TEZDUMJH1",
        "url": "[REDACTED]",
        "userId": "U01LTNK3QN8",
        "appVersion": "4.28.171",
        "downloadState": "completed",
        "startTime": 1663990308484,
        "progress": 1,
        "downloadPath": "[REDACTED]",
        "endTime": 1663990309982
      },
      "F043JRS9K2S": {
        "id": "F043JRS9K2S",
        "teamId": "TEZDUMJH1",
        "url": "[REDACTED]",
        "userId": "U01LTNK3QN8",
        "appVersion": "4.28.171",
        "downloadState": "completed",
        "startTime": 1663990338082,
        "progress": 1,
        "downloadPath": "[REDACTED]",
        "endTime": 1663990338780
      },
      "F042P24528K": {
        "id": "F042P24528K",
        "teamId": "TEZDUMJH1",
        "url": "[REDACTED]",
        "userId": "U01LTNK3QN8",
        "appVersion": "4.28.171",
        "downloadState": "completed",
        "startTime": 1663997610535,
        "progress": 1,
        "downloadPath": "[REDACTED]",
        "endTime": 1663997611885
      },
      "F04398HD146": {
        "id": "F04398HD146",
        "teamId": "TEZDUMJH1",
        "url": "[REDACTED]",
        "userId": "U01LTNK3QN8",
        "appVersion": "4.28.171",
        "downloadState": "completed",
        "startTime": 1664024771477,
        "progress": 1,
        "downloadPath": "[REDACTED]",
        "endTime": 1664024817347
      },
      "F043VQTV98A": {
        "id": "F043VQTV98A",
        "teamId": "TEZDUMJH1",
        "url": "[REDACTED]",
        "userId": "U01LTNK3QN8",
        "appVersion": "4.28.171",
        "downloadState": "completed",
        "startTime": 1664187786716,
        "progress": 1,
        "downloadPath": "[REDACTED]",
        "endTime": 1664187790730
      },
      "F043F876CQP": {
        "id": "F043F876CQP",
        "teamId": "TEZDUMJH1",
        "url": "[REDACTED]",
        "userId": "U01LTNK3QN8",
        "appVersion": "4.28.171",
        "downloadState": "completed",
        "startTime": 1664187821428,
        "progress": 1,
        "downloadPath": "[REDACTED]",
        "endTime": 1664187822136
      },
      "F044A1TG01K": {
        "id": "F044A1TG01K",
        "teamId": "TEZDUMJH1",
        "url": "[REDACTED]",
        "userId": "U01LTNK3QN8",
        "appVersion": "4.28.182",
        "downloadState": "completed",
        "startTime": 1664427872558,
        "progress": 1,
        "downloadPath": "[REDACTED]",
        "endTime": 1664427874000
      },
      "F044E6PGVNF": {
        "id": "F044E6PGVNF",
        "teamId": "TEZDUMJH1",
        "url": "[REDACTED]",
        "userId": "U01LTNK3QN8",
        "appVersion": "4.28.182",
        "downloadState": "completed",
        "startTime": 1664446111754,
        "progress": 1,
        "downloadPath": "[REDACTED]",
        "endTime": 1664446112603
      },
      "F044GR46TRS": {
        "id": "F044GR46TRS",
        "teamId": "TEZDUMJH1",
        "url": "[REDACTED]",
        "userId": "U01LTNK3QN8",
        "appVersion": "4.28.182",
        "downloadState": "completed",
        "startTime": 1664447579647,
        "progress": 1,
        "downloadPath": "[REDACTED]",
        "endTime": 1664447580604
      },
      "F044XLHE6G1": {
        "id": "F044XLHE6G1",
        "teamId": "TEZDUMJH1",
        "url": "[REDACTED]",
        "userId": "U01LTNK3QN8",
        "appVersion": "4.28.182",
        "downloadState": "completed",
        "startTime": 1664506660922,
        "progress": 1,
        "downloadPath": "[REDACTED]",
        "endTime": 1664506662673
      },
      "F044G3P30DB": {
        "id": "F044G3P30DB",
        "teamId": "TEZDUMJH1",
        "url": "[REDACTED]",
        "userId": "U01LTNK3QN8",
        "appVersion": "4.28.182",
        "downloadState": "completed",
        "startTime": 1664506791406,
        "progress": 1,
        "downloadPath": "[REDACTED]",
        "endTime": 1664506791602
      },
      "F044JVDQ8V9": {
        "id": "F044JVDQ8V9",
        "teamId": "TEZDUMJH1",
        "url": "[REDACTED]",
        "userId": "U01LTNK3QN8",
        "appVersion": "4.28.182",
        "downloadState": "completed",
        "startTime": 1664506807872,
        "progress": 1,
        "downloadPath": "[REDACTED]",
        "endTime": 1664506810935
      },
      "F044CE45VJA": {
        "id": "F044CE45VJA",
        "teamId": "TEZDUMJH1",
        "url": "[REDACTED]",
        "userId": "U01LTNK3QN8",
        "appVersion": "4.28.182",
        "downloadState": "completed",
        "startTime": 1664507042922,
        "progress": 1,
        "downloadPath": "[REDACTED]",
        "endTime": 1664507043665
      },
      "F045QLD539N": {
        "id": "F045QLD539N",
        "teamId": "TEZDUMJH1",
        "url": "[REDACTED]",
        "userId": "U01LTNK3QN8",
        "appVersion": "4.28.182",
        "downloadState": "completed",
        "startTime": 1664876216829,
        "progress": 1,
        "downloadPath": "[REDACTED]",
        "endTime": 1664876232625
      },
      "F045F2EDKL4": {
        "id": "F045F2EDKL4",
        "teamId": "TEZDUMJH1",
        "url": "[REDACTED]",
        "userId": "U01LTNK3QN8",
        "appVersion": "4.28.182",
        "downloadState": "completed",
        "startTime": 1665040679887,
        "progress": 1,
        "downloadPath": "[REDACTED]",
        "endTime": 1665040682200
      },
      "F04631QCW0G": {
        "id": "F04631QCW0G",
        "teamId": "TEZDUMJH1",
        "url": "[REDACTED]",
        "userId": "U01LTNK3QN8",
        "appVersion": "4.28.182",
        "downloadState": "completed",
        "startTime": 1665049716124,
        "progress": 1,
        "downloadPath": "[REDACTED]",
        "endTime": 1665049717766
      },
      "F045K67CXLJ": {
        "id": "F045K67CXLJ",
        "teamId": "TEZDUMJH1",
        "url": "[REDACTED]",
        "userId": "U01LTNK3QN8",
        "appVersion": "4.28.182",
        "downloadState": "completed",
        "startTime": 1665130147707,
        "progress": 1,
        "downloadPath": "[REDACTED]",
        "endTime": 1665130151346
      },
      "F045CHJJQQ6": {
        "id": "F045CHJJQQ6",
        "teamId": "TEZDUMJH1",
        "url": "[REDACTED]",
        "userId": "U01LTNK3QN8",
        "appVersion": "4.28.182",
        "downloadState": "completed",
        "startTime": 1665130160706,
        "progress": 1,
        "downloadPath": "[REDACTED]",
        "endTime": 1665130163999
      },
      "F0477R9AMCG": {
        "id": "F0477R9AMCG",
        "teamId": "TEZDUMJH1",
        "url": "[REDACTED]",
        "userId": "U01LTNK3QN8",
        "appVersion": "4.28.184",
        "downloadState": "completed",
        "startTime": 1665738331192,
        "progress": 1,
        "downloadPath": "[REDACTED]",
        "endTime": 1665738332650
      },
      "F047HAY92R1": {
        "id": "F047HAY92R1",
        "teamId": "TEZDUMJH1",
        "url": "[REDACTED]",
        "userId": "U01LTNK3QN8",
        "appVersion": "4.28.184",
        "downloadState": "completed",
        "startTime": 1666329297253,
        "progress": 1,
        "downloadPath": "[REDACTED]",
        "endTime": 1666329297328
      },
      "F0481JNP3NH": {
        "id": "F0481JNP3NH",
        "teamId": "TEZDUMJH1",
        "url": "[REDACTED]",
        "userId": "U01LTNK3QN8",
        "appVersion": "4.28.184",
        "downloadState": "completed",
        "startTime": 1666770872985,
        "progress": 1,
        "downloadPath": "[REDACTED]",
        "endTime": 1666770873982
      },
      "F048XHYD7LJ": {
        "id": "F048XHYD7LJ",
        "teamId": "TEZDUMJH1",
        "url": "[REDACTED]",
        "userId": "U01LTNK3QN8",
        "appVersion": "4.28.184",
        "downloadState": "completed",
        "startTime": 1667756817682,
        "progress": 1,
        "downloadPath": "[REDACTED]",
        "endTime": 1667756819427
      },
      "F049ABTHXSM": {
        "id": "F049ABTHXSM",
        "teamId": "TEZDUMJH1",
        "url": "[REDACTED]",
        "userId": "U01LTNK3QN8",
        "appVersion": "4.28.184",
        "downloadState": "completed",
        "startTime": 1667286716410,
        "progress": 1,
        "downloadPath": "[REDACTED]",
        "endTime": 1667286718030
      },
      "F048R752DHU": {
        "id": "F048R752DHU",
        "teamId": "TEZDUMJH1",
        "url": "[REDACTED]",
        "userId": "U01LTNK3QN8",
        "appVersion": "4.28.184",
        "downloadState": "completed",
        "startTime": 1667286898264,
        "progress": 1,
        "downloadPath": "[REDACTED]",
        "endTime": 1667286899029
      },
      "F048RCCFA86": {
        "id": "F048RCCFA86",
        "teamId": "TEZDUMJH1",
        "url": "[REDACTED]",
        "userId": "U01LTNK3QN8",
        "appVersion": "4.28.184",
        "downloadState": "completed",
        "startTime": 1667290130034,
        "progress": 1,
        "downloadPath": "[REDACTED]",
        "endTime": 1667290131011
      },
      "F048V2HQQ9K": {
        "id": "F048V2HQQ9K",
        "teamId": "TEZDUMJH1",
        "url": "[REDACTED]",
        "userId": "U01LTNK3QN8",
        "appVersion": "4.28.184",
        "downloadState": "completed",
        "startTime": 1667290372627,
        "progress": 1,
        "downloadPath": "[REDACTED]",
        "endTime": 1667290373388
      },
      "F049ALU2ZR7": {
        "id": "F049ALU2ZR7",
        "teamId": "TEZDUMJH1",
        "url": "[REDACTED]",
        "userId": "U01LTNK3QN8",
        "appVersion": "4.28.184",
        "downloadState": "completed",
        "startTime": 1667290906486,
        "progress": 1,
        "downloadPath": "[REDACTED]",
        "endTime": 1667290908199
      },
      "F0493FAUP2P": {
        "id": "F0493FAUP2P",
        "teamId": "TEZDUMJH1",
        "url": "[REDACTED]",
        "userId": "U01LTNK3QN8",
        "appVersion": "4.28.184",
        "downloadState": "completed",
        "startTime": 1667881062202,
        "progress": 1,
        "downloadPath": "[REDACTED]",
        "endTime": 1667881063154
      },
      "F048X0JBEH4": {
        "id": "F048X0JBEH4",
        "teamId": "TEZDUMJH1",
        "url": "[REDACTED]",
        "userId": "U01LTNK3QN8",
        "appVersion": "4.28.184",
        "downloadState": "interrupted",
        "startTime": 1667369165573,
        "progress": 0.533237337771681,
        "downloadPath": "[REDACTED]",
        "endTime": 1667369167214
      },
      "F049A086QGJ": {
        "id": "F049A086QGJ",
        "teamId": "TEZDUMJH1",
        "url": "[REDACTED]",
        "userId": "U01LTNK3QN8",
        "appVersion": "4.28.184",
        "downloadState": "completed",
        "startTime": 1668405334844,
        "progress": 1,
        "downloadPath": "[REDACTED]",
        "endTime": 1668405335868
      },
      "F048W48S1RD": {
        "id": "F048W48S1RD",
        "teamId": "TEZDUMJH1",
        "url": "[REDACTED]",
        "userId": "U01LTNK3QN8",
        "appVersion": "4.28.184",
        "downloadState": "completed",
        "startTime": 1667468681434,
        "progress": 1,
        "downloadPath": "[REDACTED]",
        "endTime": 1667468681662
      },
      "F0491S2JQ6B": {
        "id": "F0491S2JQ6B",
        "teamId": "TEZDUMJH1",
        "url": "[REDACTED]",
        "userId": "U01LTNK3QN8",
        "appVersion": "4.28.184",
        "downloadState": "completed",
        "startTime": 1667548232670,
        "progress": 1,
        "downloadPath": "[REDACTED]",
        "endTime": 1667548235602
      },
      "F049GCKEG66": {
        "id": "F049GCKEG66",
        "teamId": "TEZDUMJH1",
        "url": "[REDACTED]",
        "userId": "U01LTNK3QN8",
        "appVersion": "4.28.184",
        "downloadState": "completed",
        "startTime": 1667548239745,
        "progress": 1,
        "downloadPath": "[REDACTED]",
        "endTime": 1667548241847
      },
      "F049G9J0ALT": {
        "id": "F049G9J0ALT",
        "teamId": "TEZDUMJH1",
        "url": "[REDACTED]",
        "userId": "U01LTNK3QN8",
        "appVersion": "4.28.184",
        "downloadState": "completed",
        "startTime": 1667548245233,
        "progress": 1,
        "downloadPath": "[REDACTED]",
        "endTime": 1667548246333
      },
      "F0499Q7TC30": {
        "id": "F0499Q7TC30",
        "teamId": "TEZDUMJH1",
        "url": "[REDACTED]",
        "userId": "U01LTNK3QN8",
        "appVersion": "4.28.184",
        "downloadState": "completed",
        "startTime": 1667548251985,
        "progress": 1,
        "downloadPath": "[REDACTED]",
        "endTime": 1667548254347
      },
      "F049DE1C4SH": {
        "id": "F049DE1C4SH",
        "teamId": "TEZDUMJH1",
        "url": "[REDACTED]",
        "userId": "U01LTNK3QN8",
        "appVersion": "4.28.184",
        "downloadState": "completed",
        "startTime": 1667548680151,
        "progress": 1,
        "downloadPath": "[REDACTED]",
        "endTime": 1667548682874
      },
      "F0499Q82BP0": {
        "id": "F0499Q82BP0",
        "teamId": "TEZDUMJH1",
        "url": "[REDACTED]",
        "userId": "U01LTNK3QN8",
        "appVersion": "4.28.184",
        "downloadState": "completed",
        "startTime": 1667548683415,
        "progress": 1,
        "downloadPath": "[REDACTED]",
        "endTime": 1667548684622
      },
      "F048R0P05GW": {
        "id": "F048R0P05GW",
        "teamId": "TEZDUMJH1",
        "url": "[REDACTED]",
        "userId": "U01LTNK3QN8",
        "appVersion": "4.28.184",
        "downloadState": "completed",
        "startTime": 1667756802239,
        "progress": 1,
        "downloadPath": "[REDACTED]",
        "endTime": 1667756804052
      },
      "F049X28N08K": {
        "id": "F049X28N08K",
        "teamId": "TEZDUMJH1",
        "url": "[REDACTED]",
        "userId": "U01LTNK3QN8",
        "appVersion": "4.28.184",
        "downloadState": "completed",
        "startTime": 1667880386715,
        "progress": 1,
        "downloadPath": "[REDACTED]",
        "endTime": 1667880388605
      },
      "F04AMRMENC8": {
        "id": "F04AMRMENC8",
        "teamId": "TEZDUMJH1",
        "url": "[REDACTED]",
        "userId": "U01LTNK3QN8",
        "appVersion": "4.28.184",
        "downloadState": "completed",
        "startTime": 1667898316174,
        "progress": 1,
        "downloadPath": "[REDACTED]",
        "endTime": 1667898318750
      },
      "F04B0LR3Q3T": {
        "id": "F04B0LR3Q3T",
        "teamId": "TEZDUMJH1",
        "url": "[REDACTED]",
        "userId": "U01LTNK3QN8",
        "appVersion": "4.28.184",
        "downloadState": "completed",
        "startTime": 1668223110448,
        "progress": 1,
        "downloadPath": "[REDACTED]",
        "endTime": 1668223116157
      },
      "F04BUL35ANL": {
        "id": "F04BUL35ANL",
        "teamId": "TEZDUMJH1",
        "url": "[REDACTED]",
        "userId": "U01LTNK3QN8",
        "appVersion": "4.28.184",
        "downloadState": "completed",
        "startTime": 1668583501540,
        "progress": 1,
        "downloadPath": "[REDACTED]",
        "endTime": 1668583504763
      },
      "F04B5LQTV26": {
        "id": "F04B5LQTV26",
        "teamId": "TEZDUMJH1",
        "url": "[REDACTED]",
        "userId": "U01LTNK3QN8",
        "appVersion": "4.28.184",
        "downloadState": "completed",
        "startTime": 1668592801126,
        "progress": 1,
        "downloadPath": "[REDACTED]",
        "endTime": 1668592801989
      },
      "F04BVBZ8EPJ": {
        "id": "F04BVBZ8EPJ",
        "teamId": "TEZDUMJH1",
        "url": "[REDACTED]",
        "userId": "U01LTNK3QN8",
        "appVersion": "4.28.184",
        "downloadState": "completed",
        "startTime": 1668592916690,
        "progress": 1,
        "downloadPath": "[REDACTED]",
        "endTime": 1668592916840
      },
      "F04BJA7KFJ5": {
        "id": "F04BJA7KFJ5",
        "teamId": "TEZDUMJH1",
        "url": "[REDACTED]",
        "userId": "U01LTNK3QN8",
        "appVersion": "4.28.184",
        "downloadState": "completed",
        "startTime": 1668593037864,
        "progress": 1,
        "downloadPath": "[REDACTED]",
        "endTime": 1668593037983
      },
      "F04BFPJ7YVB": {
        "id": "F04BFPJ7YVB",
        "teamId": "TEZDUMJH1",
        "url": "[REDACTED]",
        "userId": "U01LTNK3QN8",
        "appVersion": "4.28.184",
        "downloadState": "completed",
        "startTime": 1668761750838,
        "progress": 1,
        "downloadPath": "[REDACTED]",
        "endTime": 1668761752020
      },
      "F04B49X0W6B": {
        "id": "F04B49X0W6B",
        "teamId": "TEZDUMJH1",
        "url": "[REDACTED]",
        "userId": "U01LTNK3QN8",
        "appVersion": "4.28.184",
        "downloadState": "completed",
        "startTime": 1668787442101,
        "progress": 1,
        "downloadPath": "[REDACTED]",
        "endTime": 1668787442461
      },
      "F04BCESS2SK": {
        "id": "F04BCESS2SK",
        "teamId": "TEZDUMJH1",
        "url": "[REDACTED]",
        "userId": "U01LTNK3QN8",
        "appVersion": "4.28.184",
        "downloadState": "completed",
        "startTime": 1669015414316,
        "progress": 1,
        "downloadPath": "[REDACTED]",
        "endTime": 1669015415855
      },
      "F04BCFSK6CX": {
        "id": "F04BCFSK6CX",
        "teamId": "TEZDUMJH1",
        "url": "[REDACTED]",
        "userId": "U01LTNK3QN8",
        "appVersion": "4.28.184",
        "downloadState": "completed",
        "startTime": 1669016298056,
        "progress": 1,
        "downloadPath": "[REDACTED]",
        "endTime": 1669016298870
      },
      "F04CC8FHZ89": {
        "id": "F04CC8FHZ89",
        "teamId": "TEZDUMJH1",
        "url": "[REDACTED]",
        "userId": "U01LTNK3QN8",
        "appVersion": "4.29.149",
        "downloadState": "completed",
        "startTime": 1669106711283,
        "progress": 1,
        "downloadPath": "[REDACTED]",
        "endTime": 1669106712056
      },
      "F04BWEVSBUM": {
        "id": "F04BWEVSBUM",
        "teamId": "TEZDUMJH1",
        "url": "[REDACTED]",
        "userId": "U01LTNK3QN8",
        "appVersion": "4.29.149",
        "downloadState": "completed",
        "startTime": 1669106862906,
        "progress": 1,
        "downloadPath": "[REDACTED]",
        "endTime": 1669106863014
      },
      "F04C5H2UJTD": {
        "id": "F04C5H2UJTD",
        "teamId": "TEZDUMJH1",
        "url": "[REDACTED]",
        "userId": "U01LTNK3QN8",
        "appVersion": "4.29.149",
        "downloadState": "completed",
        "startTime": 1669191435026,
        "progress": 1,
        "downloadPath": "[REDACTED]",
        "endTime": 1669191435815
      },
      "F04BR4BC3GX": {
        "id": "F04BR4BC3GX",
        "teamId": "TEZDUMJH1",
        "url": "[REDACTED]",
        "userId": "U01LTNK3QN8",
        "appVersion": "4.29.149",
        "downloadState": "completed",
        "startTime": 1669191490594,
        "progress": 1,
        "downloadPath": "[REDACTED]",
        "endTime": 1669191491329
      },
      "F04C865FU5S": {
        "id": "F04C865FU5S",
        "teamId": "TEZDUMJH1",
        "url": "[REDACTED]",
        "userId": "U01LTNK3QN8",
        "appVersion": "4.29.149",
        "downloadState": "completed",
        "startTime": 1669192327298,
        "progress": 1,
        "downloadPath": "[REDACTED]",
        "endTime": 1669192328012
      },
      "F04CVFDRR16": {
        "id": "F04CVFDRR16",
        "teamId": "TEZDUMJH1",
        "url": "[REDACTED]",
        "userId": "U01LTNK3QN8",
        "appVersion": "4.29.149",
        "downloadState": "completed",
        "startTime": 1669193409070,
        "progress": 1,
        "downloadPath": "[REDACTED]",
        "endTime": 1669193409787
      },
      "F04C5N0NMSP": {
        "id": "F04C5N0NMSP",
        "teamId": "TEZDUMJH1",
        "url": "[REDACTED]",
        "userId": "U01LTNK3QN8",
        "appVersion": "4.29.149",
        "downloadState": "completed",
        "startTime": 1669193835444,
        "progress": 1,
        "downloadPath": "[REDACTED]",
        "endTime": 1669193836149
      },
      "F04BZ7K6TDL": {
        "id": "F04BZ7K6TDL",
        "teamId": "TEZDUMJH1",
        "url": "[REDACTED]",
        "userId": "U01LTNK3QN8",
        "appVersion": "4.29.149",
        "downloadState": "completed",
        "startTime": 1669193869262,
        "progress": 1,
        "downloadPath": "[REDACTED]",
        "endTime": 1669193870186
      },
      "F04BR9JCDGF": {
        "id": "F04BR9JCDGF",
        "teamId": "TEZDUMJH1",
        "url": "[REDACTED]",
        "userId": "U01LTNK3QN8",
        "appVersion": "4.29.149",
        "downloadState": "completed",
        "startTime": 1669194005077,
        "progress": 1,
        "downloadPath": "[REDACTED]",
        "endTime": 1669194005850
      },
      "F04C5NR0FDZ": {
        "id": "F04C5NR0FDZ",
        "teamId": "TEZDUMJH1",
        "url": "[REDACTED]",
        "userId": "U01LTNK3QN8",
        "appVersion": "4.29.149",
        "downloadState": "completed",
        "startTime": 1669194080241,
        "progress": 1,
        "downloadPath": "[REDACTED]",
        "endTime": 1669194081023
      },
      "F04CJGCE06M": {
        "id": "F04CJGCE06M",
        "teamId": "TEZDUMJH1",
        "url": "[REDACTED]",
        "userId": "U01LTNK3QN8",
        "appVersion": "4.29.149",
        "downloadState": "completed",
        "startTime": 1669194605879,
        "progress": 1,
        "downloadPath": "[REDACTED]",
        "endTime": 1669194606918
      },
      "F04C40TJN06": {
        "id": "F04C40TJN06",
        "teamId": "TEZDUMJH1",
        "url": "[REDACTED]",
        "userId": "U01LTNK3QN8",
        "appVersion": "4.29.149",
        "downloadState": "completed",
        "startTime": 1669718165777,
        "progress": 1,
        "downloadPath": "[REDACTED]",
        "endTime": 1669718165956
      },
      "F04CXA3R2J0": {
        "id": "F04CXA3R2J0",
        "teamId": "TEZDUMJH1",
        "url": "[REDACTED]",
        "userId": "U01LTNK3QN8",
        "appVersion": "4.29.149",
        "downloadState": "completed",
        "startTime": 1669706580868,
        "progress": 1,
        "downloadPath": "[REDACTED]",
        "endTime": 1669706581645
      },
      "F04CW2YBL4E": {
        "id": "F04CW2YBL4E",
        "teamId": "TEZDUMJH1",
        "url": "[REDACTED]",
        "userId": "U01LTNK3QN8",
        "appVersion": "4.29.149",
        "downloadState": "completed",
        "startTime": 1669803875863,
        "progress": 1,
        "downloadPath": "[REDACTED]",
        "endTime": 1669803880530
      },
      "F04ED1UT90Q": {
        "id": "F04ED1UT90Q",
        "teamId": "TEZDUMJH1",
        "url": "[REDACTED]",
        "userId": "U01LTNK3QN8",
        "appVersion": "4.29.149",
        "downloadState": "completed",
        "startTime": 1670207600470,
        "progress": 1,
        "downloadPath": "[REDACTED]",
        "endTime": 1670207602352
      }
    },
    "T015X5M2FKR": {
      "F045LM3N9U4": {
        "id": "F045LM3N9U4",
        "teamId": "T015X5M2FKR",
        "url": "[REDACTED]",
        "userId": "U041HG71KL7",
        "appVersion": "4.28.182",
        "downloadState": "completed",
        "startTime": 1665111253364,
        "progress": 1,
        "downloadPath": "[REDACTED]",
        "endTime": 1665111255614
      },
      "F045BT8F1FG": {
        "id": "F045BT8F1FG",
        "teamId": "T015X5M2FKR",
        "url": "[REDACTED]",
        "userId": "U041HG71KL7",
        "appVersion": "4.28.182",
        "downloadState": "completed",
        "startTime": 1665118786471,
        "progress": 1,
        "downloadPath": "[REDACTED]",
        "endTime": 1665118787418
      },
      "F047F9FRVBJ": {
        "id": "F047F9FRVBJ",
        "teamId": "T015X5M2FKR",
        "url": "[REDACTED]",
        "userId": "U041HG71KL7",
        "appVersion": "4.28.184",
        "downloadState": "completed",
        "startTime": 1665978059923,
        "progress": 1,
        "downloadPath": "[REDACTED]",
        "endTime": 1665978060929
      },
      "F047FDYKTRN": {
        "id": "F047FDYKTRN",
        "teamId": "T015X5M2FKR",
        "url": "[REDACTED]",
        "userId": "U041HG71KL7",
        "appVersion": "4.28.184",
        "downloadState": "completed",
        "startTime": 1665982395453,
        "progress": 1,
        "downloadPath": "[REDACTED]",
        "endTime": 1665982396286
      },
      "F047DFDRFGU": {
        "id": "F047DFDRFGU",
        "teamId": "T015X5M2FKR",
        "url": "[REDACTED]",
        "userId": "U041HG71KL7",
        "appVersion": "4.28.184",
        "downloadState": "completed",
        "startTime": 1666244811331,
        "progress": 1,
        "downloadPath": "[REDACTED]",
        "endTime": 1666244812282
      },
      "F0474DAPK2A": {
        "id": "F0474DAPK2A",
        "teamId": "T015X5M2FKR",
        "url": "[REDACTED]",
        "userId": "U041HG71KL7",
        "appVersion": "4.28.184",
        "downloadState": "completed",
        "startTime": 1667210220935,
        "progress": 1,
        "downloadPath": "[REDACTED]",
        "endTime": 1667210223082
      },
      "F0480NLES80": {
        "id": "F0480NLES80",
        "teamId": "T015X5M2FKR",
        "url": "[REDACTED]",
        "userId": "U041HG71KL7",
        "appVersion": "4.28.184",
        "downloadState": "completed",
        "startTime": 1666244814723,
        "progress": 1,
        "downloadPath": "[REDACTED]",
        "endTime": 1666244815361
      },
      "F04CFHL4LBG": {
        "id": "F04CFHL4LBG",
        "teamId": "T015X5M2FKR",
        "url": "[REDACTED]",
        "userId": "U041HG71KL7",
        "appVersion": "4.29.149",
        "downloadState": "completed",
        "startTime": 1670159559975,
        "progress": 1,
        "downloadPath": "[REDACTED]",
        "endTime": 1670159591130
      },
      "F04CN5QSQQ2": {
        "id": "F04CN5QSQQ2",
        "teamId": "T015X5M2FKR",
        "url": "[REDACTED]",
        "userId": "U041HG71KL7",
        "appVersion": "4.29.149",
        "downloadState": "completed",
        "startTime": 1670159561864,
        "progress": 1,
        "downloadPath": "[REDACTED]",
        "endTime": 1670159591131
      },
      "F04D0QJ5LRX": {
        "id": "F04D0QJ5LRX",
        "teamId": "T015X5M2FKR",
        "url": "[REDACTED]",
        "userId": "U041HG71KL7",
        "appVersion": "4.29.149",
        "downloadState": "interrupted",
        "startTime": 1670159564036,
        "progress": 0.07030981149182976,
        "downloadPath": "[REDACTED]",
        "endTime": 1670159895945
      },
      "F04CN2PRMBM": {
        "id": "F04CN2PRMBM",
        "teamId": "T015X5M2FKR",
        "url": "[REDACTED]",
        "userId": "U041HG71KL7",
        "appVersion": "4.29.149",
        "downloadState": "interrupted",
        "startTime": 1670159565556,
        "progress": 0.07030981149182976,
        "downloadPath": "[REDACTED]",
        "endTime": 1670159895949
      },
      "F04CQKCJUTE": {
        "id": "F04CQKCJUTE",
        "teamId": "T015X5M2FKR",
        "url": "[REDACTED]",
        "userId": "U041HG71KL7",
        "appVersion": "4.29.149",
        "downloadState": "interrupted",
        "startTime": 1670159568292,
        "progress": 0.1865559319597078,
        "downloadPath": "[REDACTED]",
        "endTime": 1670159992240
      },
      "F04CN5S8JR0": {
        "id": "F04CN5S8JR0",
        "teamId": "T015X5M2FKR",
        "url": "[REDACTED]",
        "userId": "U041HG71KL7",
        "appVersion": "4.29.149",
        "downloadState": "interrupted",
        "startTime": 1670159569888,
        "progress": 0.1865559319597078,
        "downloadPath": "[REDACTED]",
        "endTime": 1670159992243
      },
      "F04DBSE7LHE": {
        "id": "F04DBSE7LHE",
        "teamId": "T015X5M2FKR",
        "url": "[REDACTED]",
        "userId": "U041HG71KL7",
        "appVersion": "4.29.149",
        "downloadState": "interrupted",
        "startTime": 1670159593445,
        "progress": 0.1865559319597078,
        "downloadPath": "[REDACTED]",
        "endTime": 1670159992244
      },
      "F04CN5S8T8S": {
        "id": "F04CN5S8T8S",
        "teamId": "T015X5M2FKR",
        "url": "[REDACTED]",
        "userId": "U041HG71KL7",
        "appVersion": "4.29.149",
        "downloadState": "interrupted",
        "startTime": 1670159588188,
        "progress": 0.6841167518435128,
        "downloadPath": "[REDACTED]",
        "endTime": 1670159922678
      },
      "F04DBSE7XDW": {
        "id": "F04DBSE7XDW",
        "teamId": "T015X5M2FKR",
        "url": "[REDACTED]",
        "userId": "U041HG71KL7",
        "appVersion": "4.29.149",
        "downloadState": "interrupted",
        "startTime": 1670159589758,
        "progress": 0.6841167518435128,
        "downloadPath": "[REDACTED]",
        "endTime": 1670159922680
      },
      "F04CFHL1UA2": {
        "id": "F04CFHL1UA2",
        "teamId": "T015X5M2FKR",
        "url": "[REDACTED]",
        "userId": "U041HG71KL7",
        "appVersion": "4.29.149",
        "downloadState": "interrupted",
        "startTime": 1670159591648,
        "progress": 0.6841167518435128,
        "downloadPath": "[REDACTED]",
        "endTime": 1670159922681
      },
      "F04CFHQDHSA": {
        "id": "F04CFHQDHSA",
        "teamId": "T015X5M2FKR",
        "url": "[REDACTED]",
        "userId": "U041HG71KL7",
        "appVersion": "4.29.149",
        "downloadState": "interrupted",
        "startTime": 1670159600732,
        "progress": 0.11551915949609437,
        "downloadPath": "[REDACTED]",
        "endTime": 1670159936784
      },
      "F04C7KBNBHD": {
        "id": "F04C7KBNBHD",
        "teamId": "T015X5M2FKR",
        "url": "[REDACTED]",
        "userId": "U041HG71KL7",
        "appVersion": "4.29.149",
        "downloadState": "interrupted",
        "startTime": 1670159602699,
        "progress": 0.11551915949609437,
        "downloadPath": "[REDACTED]",
        "endTime": 1670159936786
      },
      "F04DBSJKLD6": {
        "id": "F04DBSJKLD6",
        "teamId": "T015X5M2FKR",
        "url": "[REDACTED]",
        "userId": "U041HG71KL7",
        "appVersion": "4.29.149",
        "downloadState": "interrupted",
        "startTime": 1670159606764,
        "progress": 0.31458383703963416,
        "downloadPath": "[REDACTED]",
        "endTime": 1670159939220
      },
      "F04D0QPD8D7": {
        "id": "F04D0QPD8D7",
        "teamId": "T015X5M2FKR",
        "url": "[REDACTED]",
        "userId": "U041HG71KL7",
        "appVersion": "4.29.149",
        "downloadState": "interrupted",
        "startTime": 1670159608623,
        "progress": 0.1345051306708215,
        "downloadPath": "[REDACTED]",
        "endTime": 1670159952118
      },
      "F04CN5WM1EE": {
        "id": "F04CN5WM1EE",
        "teamId": "T015X5M2FKR",
        "url": "[REDACTED]",
        "userId": "U041HG71KL7",
        "appVersion": "4.29.149",
        "downloadState": "interrupted",
        "startTime": 1670159611266,
        "progress": 0.1345051306708215,
        "downloadPath": "[REDACTED]",
        "endTime": 1670159952123
      },
      "F04CK7GHUBF": {
        "id": "F04CK7GHUBF",
        "teamId": "T015X5M2FKR",
        "url": "[REDACTED]",
        "userId": "U041HG71KL7",
        "appVersion": "4.29.149",
        "downloadState": "interrupted",
        "startTime": 1670159613087,
        "progress": 0.1345051306708215,
        "downloadPath": "[REDACTED]",
        "endTime": 1670159952126
      },
      "F04CN2UGB51": {
        "id": "F04CN2UGB51",
        "teamId": "T015X5M2FKR",
        "url": "[REDACTED]",
        "userId": "U041HG71KL7",
        "appVersion": "4.29.149",
        "downloadState": "interrupted",
        "startTime": 1670159616971,
        "progress": 0.1345051306708215,
        "downloadPath": "[REDACTED]",
        "endTime": 1670159952128
      },
      "F04CN5WM42W": {
        "id": "F04CN5WM42W",
        "teamId": "T015X5M2FKR",
        "url": "[REDACTED]",
        "userId": "U041HG71KL7",
        "appVersion": "4.29.149",
        "downloadState": "interrupted",
        "startTime": 1670159620054,
        "progress": 0.08641465612475352,
        "downloadPath": "[REDACTED]",
        "endTime": 1670159996187
      },
      "F04C7KBPGDD": {
        "id": "F04C7KBPGDD",
        "teamId": "T015X5M2FKR",
        "url": "[REDACTED]",
        "userId": "U041HG71KL7",
        "appVersion": "4.29.149",
        "downloadState": "interrupted",
        "startTime": 1670159629282,
        "progress": 0.362898667268913,
        "downloadPath": "[REDACTED]",
        "endTime": 1670160065610
      },
      "F04CNR5F0KG": {
        "id": "F04CNR5F0KG",
        "teamId": "T015X5M2FKR",
        "url": "[REDACTED]",
        "userId": "U041HG71KL7",
        "appVersion": "4.29.149",
        "downloadState": "interrupted",
        "startTime": 1670159634164,
        "progress": 0.362898667268913,
        "downloadPath": "[REDACTED]",
        "endTime": 1670160065612
      },
      "F04CXSY5T0C": {
        "id": "F04CXSY5T0C",
        "teamId": "T015X5M2FKR",
        "url": "[REDACTED]",
        "userId": "U041HG71KL7",
        "appVersion": "4.29.149",
        "downloadState": "interrupted",
        "startTime": 1670159635746,
        "progress": 0.362898667268913,
        "downloadPath": "[REDACTED]",
        "endTime": 1670160065613
      },
      "F04CXSY5SQ4": {
        "id": "F04CXSY5SQ4",
        "teamId": "T015X5M2FKR",
        "url": "[REDACTED]",
        "userId": "U041HG71KL7",
        "appVersion": "4.29.149",
        "downloadState": "interrupted",
        "startTime": 1670159637723,
        "progress": 0.362898667268913,
        "downloadPath": "[REDACTED]",
        "endTime": 1670160065615
      },
      "F04CVDBN9CJ": {
        "id": "F04CVDBN9CJ",
        "teamId": "T015X5M2FKR",
        "url": "[REDACTED]",
        "userId": "U041HG71KL7",
        "appVersion": "4.29.149",
        "downloadState": "interrupted",
        "startTime": 1670159639369,
        "progress": 0.362898667268913,
        "downloadPath": "[REDACTED]",
        "endTime": 1670160065617
      },
      "F04D82QELAD": {
        "id": "F04D82QELAD",
        "teamId": "T015X5M2FKR",
        "url": "[REDACTED]",
        "userId": "U041HG71KL7",
        "appVersion": "4.29.149",
        "downloadState": "interrupted",
        "startTime": 1670159647015,
        "progress": 0.6505052956249996,
        "downloadPath": "[REDACTED]",
        "endTime": 1670159978054
      },
      "F04CESST96K": {
        "id": "F04CESST96K",
        "teamId": "T015X5M2FKR",
        "url": "[REDACTED]",
        "userId": "U041HG71KL7",
        "appVersion": "4.29.149",
        "downloadState": "interrupted",
        "startTime": 1670159648529,
        "progress": 0.6505052956249996,
        "downloadPath": "[REDACTED]",
        "endTime": 1670159978055
      },
      "F04CSEXM4J1": {
        "id": "F04CSEXM4J1",
        "teamId": "T015X5M2FKR",
        "url": "[REDACTED]",
        "userId": "U041HG71KL7",
        "appVersion": "4.29.149",
        "downloadState": "interrupted",
        "startTime": 1670159650000,
        "progress": 0.6971315699424429,
        "downloadPath": "[REDACTED]",
        "endTime": 1670159983830
      },
      "F04D82QDQ2D": {
        "id": "F04D82QDQ2D",
        "teamId": "T015X5M2FKR",
        "url": "[REDACTED]",
        "userId": "U041HG71KL7",
        "appVersion": "4.29.149",
        "downloadState": "interrupted",
        "startTime": 1670159651361,
        "progress": 0.6971315699424429,
        "downloadPath": "[REDACTED]",
        "endTime": 1670159983831
      },
      "F04CVDBPX34": {
        "id": "F04CVDBPX34",
        "teamId": "T015X5M2FKR",
        "url": "[REDACTED]",
        "userId": "U041HG71KL7",
        "appVersion": "4.29.149",
        "downloadState": "completed",
        "startTime": 1670159655007,
        "progress": 1,
        "downloadPath": "[REDACTED]",
        "endTime": 1670159979039
      },
      "F04DK4UU57A": {
        "id": "F04DK4UU57A",
        "teamId": "T015X5M2FKR",
        "url": "[REDACTED]",
        "userId": "U041HG71KL7",
        "appVersion": "4.29.149",
        "downloadState": "completed",
        "startTime": 1670159657552,
        "progress": 1,
        "downloadPath": "[REDACTED]",
        "endTime": 1670159727136
      },
      "F04CVDLTVJ6": {
        "id": "F04CVDLTVJ6",
        "teamId": "T015X5M2FKR",
        "url": "[REDACTED]",
        "userId": "U041HG71KL7",
        "appVersion": "4.29.149",
        "downloadState": "interrupted",
        "startTime": 1670159662763,
        "progress": 0.022388403526857444,
        "downloadPath": "[REDACTED]",
        "endTime": 1670159985889
      },
      "F04CXT7CVNG": {
        "id": "F04CXT7CVNG",
        "teamId": "T015X5M2FKR",
        "url": "[REDACTED]",
        "userId": "U041HG71KL7",
        "appVersion": "4.29.149",
        "downloadState": "interrupted",
        "startTime": 1670159665004,
        "progress": 0.022388403526857444,
        "downloadPath": "[REDACTED]",
        "endTime": 1670159985891
      },
      "F04CSF6T3LM": {
        "id": "F04CSF6T3LM",
        "teamId": "T015X5M2FKR",
        "url": "[REDACTED]",
        "userId": "U041HG71KL7",
        "appVersion": "4.29.149",
        "downloadState": "interrupted",
        "startTime": 1670159667302,
        "progress": 0.022388403526857444,
        "downloadPath": "[REDACTED]",
        "endTime": 1670159985892
      },
      "F04CVDM134J": {
        "id": "F04CVDM134J",
        "teamId": "T015X5M2FKR",
        "url": "[REDACTED]",
        "userId": "U041HG71KL7",
        "appVersion": "4.29.149",
        "downloadState": "interrupted",
        "startTime": 1670159669352,
        "progress": 0.022388403526857444,
        "downloadPath": "[REDACTED]",
        "endTime": 1670159985893
      },
      "F04CVDM0BGS": {
        "id": "F04CVDM0BGS",
        "teamId": "T015X5M2FKR",
        "url": "[REDACTED]",
        "userId": "U041HG71KL7",
        "appVersion": "4.29.149",
        "downloadState": "interrupted",
        "startTime": 1670159670831,
        "progress": 0.022388403526857444,
        "downloadPath": "[REDACTED]",
        "endTime": 1670159985894
      },
      "F04CSF6T50V": {
        "id": "F04CSF6T50V",
        "teamId": "T015X5M2FKR",
        "url": "[REDACTED]",
        "userId": "U041HG71KL7",
        "appVersion": "4.29.149",
        "downloadState": "completed",
        "startTime": 1670159672260,
        "progress": 1,
        "downloadPath": "[REDACTED]",
        "endTime": 1670159990954
      },
      "F04D82ZNKED": {
        "id": "F04D82ZNKED",
        "teamId": "T015X5M2FKR",
        "url": "[REDACTED]",
        "userId": "U041HG71KL7",
        "appVersion": "4.29.149",
        "downloadState": "completed",
        "startTime": 1670159674667,
        "progress": 1,
        "downloadPath": "[REDACTED]",
        "endTime": 1670159861961
      },
      "F04CVAJSLMR": {
        "id": "F04CVAJSLMR",
        "teamId": "T015X5M2FKR",
        "url": "[REDACTED]",
        "userId": "U041HG71KL7",
        "appVersion": "4.29.149",
        "downloadState": "completed",
        "startTime": 1670159679839,
        "progress": 1,
        "downloadPath": "[REDACTED]",
        "endTime": 1670159974066
      }
    },
    "T0464SC3Q5C": {
      "F046HJ6QVDM": {
        "id": "F046HJ6QVDM",
        "teamId": "T0464SC3Q5C",
        "url": "[REDACTED]",
        "userId": "U046BEU7DMH",
        "appVersion": "4.28.184",
        "downloadState": "completed",
        "startTime": 1666083588032,
        "progress": 1,
        "downloadPath": "[REDACTED]",
        "endTime": 1666083591012
      },
      "F0471HHV7HA": {
        "id": "F0471HHV7HA",
        "teamId": "T0464SC3Q5C",
        "url": "[REDACTED]",
        "userId": "U046BEU7DMH",
        "appVersion": "4.28.184",
        "downloadState": "completed",
        "startTime": 1667756724822,
        "progress": 1,
        "downloadPath": "[REDACTED]",
        "endTime": 1667756727341
      },
      "F047Q6PMX2T": {
        "id": "F047Q6PMX2T",
        "teamId": "T0464SC3Q5C",
        "url": "[REDACTED]",
        "userId": "U046BEU7DMH",
        "appVersion": "4.28.184",
        "downloadState": "completed",
        "startTime": 1667756677399,
        "progress": 1,
        "downloadPath": "[REDACTED]",
        "endTime": 1667756680257
      }
    }
  },
  "enterprise": {},
  "settings": {
    "defaultSigninTeam": null,
    "signInMethod": "browser",
    "hasRunApp": true,
    "hasRunFromTray": true,
    "isSignedIntoSlackOrg": false,
    "lastClogForProxyInfo": 1670223319488,
    "suppressPermissionDialog": false,
    "whitelistedUrlSchemes": [
      "http:",
      "https:",
      "mailto:",
      "skype:",
      "chrome-devtools:",
      "devtools:",
      "spotify:",
      "live:",
      "callto:",
      "tel:",
      "im:",
      "sip:",
      "sips:",
      "slack:"
    ],
    "allowedHostnames": {
      "ftp:": [],
      "sftp:": [],
      "ssh:": [],
      "smb:": []
    },
    "allowedFileExts": [],
    "suppressMoveFromDmgDialog": false,
    "debugFeatures": [],
    "notificationAfterHoverTimeout": 2000,
    "notificationFailover": 0,
    "notificationFailoverEnabled": true,
    "notificationMaxItems": 3,
    "notificationMethod": null,
    "notificationPlayback": "web",
    "notificationPresentationCheck": null,
    "notificationTimeout": 6000,
    "notificationZoomLevel": null,
    "notifyPosition": {
      "corner": "bottom_right",
      "display": "same_as_app"
    },
    "forceHiddenInsetTitleBar": false,
    "isIAEnabled": true,
    "isClipboardReadDisabled": false,
    "isOpenExternalShellForced": true,
    "isTitleBarForcedByUser": false,
    "trafficLightPosition": {
      "x": 14,
      "y": 29
    },
    "autoHideMenuBar": false,
    "launchOnStartup": false,
    "keyboardLayout": "00000409",
    "locale": "en-US",
    "PrefSSBFileDownloadPath": "C:\\Users\\HP\\Downloads",
    "PrefSSBFileDownloadPathDisplayName": "Downloads",
    "runFromTray": true,
    "startNetLogAtLaunch": false,
    "useHwAcceleration": true,
    "zoomLevel": 0,
    "shouldUseHighContrastColors": false,
    "userTheme": "light",
    "systemThemeSyncEnabled": true,
    "releaseChannel": "prod",
    "releaseChannelOverride": null,
    "hideOnStartup": true,
    "useTsLogBackend": false,
    "spellcheckerLanguage": "en-US",
    "win32": {
      "hasExplainedWindowFlash": false,
      "windowFlashBehavior": "idle"
    },
    "mainWindowSettings": {
      "fullScreen": false,
      "maximized": true,
      "bounds": {
        "x": 256,
        "y": 24,
        "width": 1024,
        "height": 768
      }
    },
    "slackDefaults": {
      "defaultSigninTeam": null,
      "signInMethod": "browser",
      "hasRunApp": false,
      "hasRunFromTray": false,
      "isSignedIntoSlackOrg": false,
      "lastClogForProxyInfo": 0,
      "suppressPermissionDialog": false,
      "whitelistedUrlSchemes": [
        "http:",
        "https:",
        "mailto:",
        "skype:",
        "chrome-devtools:",
        "devtools:",
        "spotify:",
        "live:",
        "callto:",
        "tel:",
        "im:",
        "sip:",
        "sips:",
        "slack:"
      ],
      "allowedHostnames": {
        "ftp:": [],
        "sftp:": [],
        "ssh:": [],
        "smb:": []
      },
      "allowedFileExts": [],
      "suppressMoveFromDmgDialog": false,
      "debugFeatures": [],
      "notificationAfterHoverTimeout": 2000,
      "notificationFailover": 0,
      "notificationFailoverEnabled": true,
      "notificationMaxItems": 3,
      "notificationMethod": null,
      "notificationPlayback": "web",
      "notificationPresentationCheck": null,
      "notificationTimeout": 6000,
      "notificationZoomLevel": null,
      "notifyPosition": {
        "corner": "bottom_right",
        "display": "same_as_app"
      },
      "forceHiddenInsetTitleBar": false,
      "isIAEnabled": true,
      "isClipboardReadDisabled": false,
      "isOpenExternalShellForced": true,
      "isTitleBarForcedByUser": false,
      "trafficLightPosition": {
        "x": 14,
        "y": 22
      },
      "autoHideMenuBar": false,
      "launchOnStartup": null,
      "keyboardLayout": "",
      "locale": "en-US",
      "PrefSSBFileDownloadPath": "",
      "PrefSSBFileDownloadPathDisplayName": "",
      "runFromTray": true,
      "startNetLogAtLaunch": false,
      "useHwAcceleration": true,
      "zoomLevel": 0,
      "shouldUseHighContrastColors": false,
      "userTheme": "light",
      "systemThemeSyncEnabled": false,
      "releaseChannel": "prod",
      "releaseChannelOverride": null,
      "hideOnStartup": true,
      "useTsLogBackend": false,
      "spellcheckerLanguage": "en-US",
      "win32": {
        "hasExplainedWindowFlash": false,
        "windowFlashBehavior": "idle"
      }
    },
    "itDefaults": {},
    "userChoices": {
      "defaultSigninTeam": null,
      "signInMethod": "browser",
      "hasRunApp": true,
      "hasRunFromTray": true,
      "isSignedIntoSlackOrg": false,
      "lastClogForProxyInfo": 1670223319488,
      "suppressPermissionDialog": false,
      "whitelistedUrlSchemes": [
        "http:",
        "https:",
        "mailto:",
        "skype:",
        "chrome-devtools:",
        "devtools:",
        "spotify:",
        "live:",
        "callto:",
        "tel:",
        "im:",
        "sip:",
        "sips:",
        "slack:"
      ],
      "allowedHostnames": {
        "ftp:": [],
        "sftp:": [],
        "ssh:": [],
        "smb:": []
      },
      "allowedFileExts": [],
      "suppressMoveFromDmgDialog": false,
      "debugFeatures": [],
      "notificationAfterHoverTimeout": 2000,
      "notificationFailover": 0,
      "notificationFailoverEnabled": true,
      "notificationMaxItems": 3,
      "notificationMethod": null,
      "notificationPlayback": "web",
      "notificationPresentationCheck": null,
      "notificationTimeout": 6000,
      "notificationZoomLevel": null,
      "notifyPosition": {
        "corner": "bottom_right",
        "display": "same_as_app"
      },
      "forceHiddenInsetTitleBar": false,
      "isIAEnabled": true,
      "isClipboardReadDisabled": false,
      "isOpenExternalShellForced": true,
      "isTitleBarForcedByUser": false,
      "trafficLightPosition": {
        "x": 14,
        "y": 29
      },
      "autoHideMenuBar": false,
      "launchOnStartup": false,
      "keyboardLayout": "00000409",
      "locale": "en-US",
      "PrefSSBFileDownloadPath": "C:\\Users\\HP\\Downloads",
      "PrefSSBFileDownloadPathDisplayName": "Downloads",
      "runFromTray": true,
      "startNetLogAtLaunch": false,
      "useHwAcceleration": true,
      "zoomLevel": 0,
      "shouldUseHighContrastColors": false,
      "userTheme": "light",
      "systemThemeSyncEnabled": true,
      "releaseChannel": "prod",
      "releaseChannelOverride": null,
      "hideOnStartup": true,
      "useTsLogBackend": false,
      "spellcheckerLanguage": "en-US",
      "win32": {
        "hasExplainedWindowFlash": false,
        "windowFlashBehavior": "idle"
      },
      "mainWindowSettings": {
        "fullScreen": false,
        "maximized": true,
        "bounds": {
          "x": 256,
          "y": 24,
          "width": 1024,
          "height": 768
        }
      }
    },
    "itPolicy": {}
  },
  "teams": {},
  "webapp": {
    "teams": {
      "TEZDUMJH1": {
        "theme": {
          "titlebarBackground": "#350d36",
          "titlebarTextColor": "#FFFFFF"
        },
        "notificationPrefs": {
          "notificationSound": "knock_brush.mp3",
          "noTextInNotifications": false,
          "muteSounds": false
        },
        "connectivityPrefs": {
          "ntlmCredentialDomains": "*"
        },
        "featureFlags": {
          "feature_desktop_reload_on_generic_error": true,
          "feature_desktop_restart_service_worker": false,
          "feature_desktop_extend_app_menu": true,
          "feature_desktop_enable_tslog": false,
          "feature_desktop_enable_sticky_notification_pref": false
        },
        "unreads": {
          "unreads": 0,
          "unreadHighlights": 0,
          "showBullet": false
        },
        "locale": "en-US"
      },
      "T015X5M2FKR": {
        "theme": {
          "titlebarBackground": "#350d36",
          "titlebarTextColor": "#FFFFFF"
        },
        "notificationPrefs": {
          "notificationSound": "knock_brush.mp3",
          "noTextInNotifications": false,
          "muteSounds": false
        },
        "connectivityPrefs": {
          "ntlmCredentialDomains": "*"
        },
        "featureFlags": {
          "feature_desktop_reload_on_generic_error": true,
          "feature_desktop_restart_service_worker": false,
          "feature_desktop_extend_app_menu": true,
          "feature_desktop_enable_tslog": false,
          "feature_desktop_enable_sticky_notification_pref": false
        },
        "unreads": {
          "unreads": 0,
          "unreadHighlights": 0,
          "showBullet": false
        },
        "locale": "en-US"
      },
      "T0464SC3Q5C": {
        "theme": {
          "titlebarBackground": "#350d36",
          "titlebarTextColor": "#FFFFFF"
        },
        "notificationPrefs": {
          "notificationSound": "knock_brush.mp3",
          "noTextInNotifications": false,
          "muteSounds": false
        },
        "connectivityPrefs": {
          "ntlmCredentialDomains": "*"
        },
        "featureFlags": {
          "feature_desktop_reload_on_generic_error": true,
          "feature_desktop_restart_service_worker": false,
          "feature_desktop_extend_app_menu": true,
          "feature_desktop_enable_tslog": false,
          "feature_desktop_enable_sticky_notification_pref": false
        },
        "unreads": {
          "unreads": 0,
          "unreadHighlights": 0,
          "showBullet": false
        },
        "locale": "en-US"
      }
    }
  },
  "workspaces": {
    "TEZDUMJH1": {
      "domain": "[REDACTED]",
      "id": "TEZDUMJH1",
      "icon": {
        "image_68": "https://avatars.slack-edge.com/2019-07-26/708848551366_d7d8b78ac65bec87f2df_68.png",
        "image_88": "https://avatars.slack-edge.com/2019-07-26/708848551366_d7d8b78ac65bec87f2df_88.png"
      },
      "name": "[REDACTED]",
      "order": 0
    },
    "T015X5M2FKR": {
      "domain": "[REDACTED]",
      "id": "T015X5M2FKR",
      "icon": {
        "image_68": "https://a.slack-edge.com/80588/img/avatars-teams/ava_0025-68.png",
        "image_88": "https://a.slack-edge.com/80588/img/avatars-teams/ava_0025-88.png"
      },
      "name": "[REDACTED]",
      "order": 1
    },
    "T0464SC3Q5C": {
      "domain": "[REDACTED]",
      "id": "T0464SC3Q5C",
      "icon": {
        "image_68": "https://a.slack-edge.com/80588/img/avatars-teams/ava_0011-68.png",
        "image_88": "https://a.slack-edge.com/80588/img/avatars-teams/ava_0011-88.png"
      },
      "name": "[REDACTED]",
      "order": 2
    }
  },
  "workspacesMeta": {
    "selectedWorkspaceId": "T0464SC3Q5C",
    "selectedUserId": "U01LTNK3QN8"
  },
  "_persist": {
    "version": 1,
    "rehydrated": true
  }
}